raceName,LR_mae,count
Dutch Grand Prix,5.230077718962867,20
Las Vegas Grand Prix,4.776343506111051,20
British Grand Prix,4.021036234107611,20
Chinese Grand Prix,3.908583519670691,20
Austrian Grand Prix,3.759554196182407,20
Canadian Grand Prix,3.7015645564846733,20
Spanish Grand Prix,3.6253945470152846,19
Azerbaijan Grand Prix,3.6036941324812206,20
São Paulo Grand Prix,3.5703668740245003,20
Qatar Grand Prix,3.2298184829553933,20
Emilia Romagna Grand Prix,3.187770593562342,19
Monaco Grand Prix,3.1542991354398113,20
Bahrain Grand Prix,3.1512707146851193,20
Abu Dhabi Grand Prix,3.0215673494441293,20
Hungarian Grand Prix,2.970976001106583,20
United States Grand Prix,2.9649588466149654,20
Belgian Grand Prix,2.857810948306363,20
Mexico City Grand Prix,2.8513008673496802,20
Italian Grand Prix,2.7299418881814677,20
Japanese Grand Prix,2.6417575328646308,20
Singapore Grand Prix,2.593452799824386,20
Saudi Arabian Grand Prix,2.544337455585058,20
Miami Grand Prix,2.2451088933890087,20
