driver,average
Max Verstappen,3.254385964912281
Lewis Hamilton,6.271929824561403
Lando Norris,6.385964912280702
Charles Leclerc,6.517543859649122
Oscar Piastri,6.628571428571429
Sergio Pérez,7.166666666666667
George Russell,7.587719298245614
Carlos Sainz,8
Andrea Kimi Antonelli,9.833333333333334
Fernando Alonso,9.929824561403509
Daniel Ricciardo,11.507246376811594
Esteban Ocon,11.539823008849558
Oliver Bearman,11.555555555555555
Sebastian Vettel,11.761904761904763
Isack Hadjar,11.791666666666666
Pierre Gasly,12.052631578947368
Valtteri Bottas,12.4
Lance Stroll,12.47787610619469
Liam Lawson,12.82857142857143
Alexander Albon,12.956043956043956
Nico Hülkenberg,12.98611111111111
Antonio Giovinazzi,13.090909090909092
Kimi Räikkönen,13.2
Yuki Tsunoda,13.324561403508772
Gabriel Bortoleto,14.25
Kevin Magnussen,14.363636363636363
Robert Kubica,14.5
Guanyu Zhou,14.647058823529411
Franco Colapinto,15.222222222222221
Nyck de Vries,15.272727272727273
Mick Schumacher,15.659090909090908
Nicholas Latifi,15.886363636363637
Jack Doohan,16.142857142857142
Logan Sargeant,16.333333333333332
Nikita Mazepin,17.863636363636363
